tissue_info1,tissue_info2,tissue_info3,tissue_info4,tissue_info5,tissue_info6,tissue_ucode
Srg,WGO_JG,104, ,12/8/2021,C,WS00001
Srg,WGO_JG,203, ,12/8/2021,C,WS00002
Srg,WGO_JG,301, ,12/8/2021,C,WS00003
Srg,WGO_JG,403, ,12/8/2021,C,WS00004
Srg,WGO_JG,101, ,16/08/2021,C,WS00005
Srg,WGO_JG,102, ,16/08/2021,C,WS00006
Srg,WGO_JG,103, ,16/08/2021,C,WS00007
Srg,WGO_JG,104, ,16/08/2021,C,WS00008
Srg,WGO_JG,104, ,16/08/2021,P,WS00009
Srg,WGO_JG,104, ,16/08/2021,D,WS00010
Srg,WGO_JG,105, ,16/08/2021,C,WS00011
Srg,WGO_JG,106, ,16/08/2021,C,WS00012
Srg,WGO_JG,201, ,16/08/2021,C,WS00013
Srg,WGO_JG,202, ,16/08/2021,C,WS00014
Srg,WGO_JG,203, ,16/08/2021,P,WS00015
Srg,WGO_JG,203, ,16/08/2021,D,WS00016
Srg,WGO_JG,203, ,16/08/2021,C,WS00017
Srg,WGO_JG,204, ,16/08/2021,D,WS00018
Srg,WGO_JG,204, ,16/08/2021,C,WS00019
Srg,WGO_JG,204, ,16/08/2021,P,WS00020
Srg,WGO_JG,205, ,16/08/2021,C,WS00021
Srg,WGO_JG,206, ,16/08/2021,C,WS00022
Srg,WGO_JG,301, ,16/08/2021,D,WS00023
Srg,WGO_JG,301, ,16/08/2021,C,WS00024
Srg,WGO_JG,301, ,16/08/2021,P,WS00025
Srg,WGO_JG,302, ,16/08/2021,C,WS00026
Srg,WGO_JG,303, ,16/08/2021,C,WS00027
Srg,WGO_JG,304, ,16/08/2021,C,WS00028
Srg,WGO_JG,305, ,16/08/2021,C,WS00029
Srg,WGO_JG,306, ,16/08/2021,C,WS00030
Srg,WGO_JG,306, ,16/08/2021,P,WS00031
Srg,WGO_JG,401, ,16/08/2021,C,WS00032
Srg,WGO_JG,402, ,16/08/2021,C,WS00033
Srg,WGO_JG,403, ,16/08/2021,D,WS00034
Srg,WGO_JG,403, ,16/08/2021,C,WS00035
Srg,WGO_JG,403, ,16/08/2021,P,WS00036
Srg,WGO_JG,404, ,16/08/2021,C,WS00037
Srg,WGO_JG,405, ,16/08/2021,C,WS00038
Srg,WGO_JG,406, ,16/08/2021,C,WS00039
Srg,WGO_JG,101, ,23/08/2021,P,WS00040
Srg,WGO_JG,101, ,23/08/2021,D,WS00041
Srg,WGO_JG,101, ,23/08/2021,C,WS00042
Srg,WGO_JG,102, ,23/08/2021,D,WS00043
Srg,WGO_JG,102, ,23/08/2021,P,WS00044
Srg,WGO_JG,102, ,23/08/2021,C,WS00045
Srg,WGO_JG,103, ,23/08/2021,D,WS00046
Srg,WGO_JG,103, ,23/08/2021,P,WS00047
Srg,WGO_JG,103, ,23/08/2021,C,WS00048
Srg,WGO_JG,104, ,23/08/2021,P,WS00049
Srg,WGO_JG,104, ,23/08/2021,C,WS00050
Srg,WGO_JG,104, ,23/08/2021,D,WS00051
Srg,WGO_JG,105, ,23/08/2021,D,WS00052
Srg,WGO_JG,105, ,23/08/2021,P,WS00053
Srg,WGO_JG,105, ,23/08/2021,C,WS00054
Srg,WGO_JG,106, ,23/08/2021,P,WS00055
Srg,WGO_JG,106, ,23/08/2021,D,WS00056
Srg,WGO_JG,106, ,23/08/2021,C,WS00057
Srg,WGO_JG,201, ,23/08/2021,C,WS00058
Srg,WGO_JG,201, ,23/08/2021,P,WS00059
Srg,WGO_JG,201, ,23/08/2021,D,WS00060
Srg,WGO_JG,202, ,23/08/2021,D,WS00061
Srg,WGO_JG,202, ,23/08/2021,C,WS00062
Srg,WGO_JG,202, ,23/08/2021,P,WS00063
Srg,WGO_JG,203, ,23/08/2021,P,WS00064
Srg,WGO_JG,203, ,23/08/2021,C,WS00065
Srg,WGO_JG,203, ,23/08/2021,D,WS00066
Srg,WGO_JG,204, ,23/08/2021,D,WS00067
Srg,WGO_JG,204, ,23/08/2021,C,WS00068
Srg,WGO_JG,204, ,23/08/2021,P,WS00069
Srg,WGO_JG,205, ,23/08/2021,D,WS00070
Srg,WGO_JG,205, ,23/08/2021,C,WS00071
Srg,WGO_JG,205, ,23/08/2021,P,WS00072
Srg,WGO_JG,206, ,23/08/2021,P,WS00073
Srg,WGO_JG,206, ,23/08/2021,D,WS00074
Srg,WGO_JG,206, ,23/08/2021,C,WS00075
Srg,WGO_JG,301, ,23/08/2021,C,WS00076
Srg,WGO_JG,301, ,23/08/2021,P,WS00077
Srg,WGO_JG,301, ,23/08/2021,D,WS00078
Srg,WGO_JG,302, ,23/08/2021,C,WS00079
Srg,WGO_JG,302, ,23/08/2021,P,WS00080
Srg,WGO_JG,302, ,23/08/2021,D,WS00081
Srg,WGO_JG,303, ,23/08/2021,D,WS00082
Srg,WGO_JG,303, ,23/08/2021,C,WS00083
Srg,WGO_JG,303, ,23/08/2021,P,WS00084
Srg,WGO_JG,304, ,23/08/2021,D,WS00085
Srg,WGO_JG,304, ,23/08/2021,C,WS00086
Srg,WGO_JG,304, ,23/08/2021,P,WS00087
Srg,WGO_JG,305, ,23/08/2021,C,WS00088
Srg,WGO_JG,305, ,23/08/2021,D,WS00089
Srg,WGO_JG,305, ,23/08/2021,P,WS00090
Srg,WGO_JG,306, ,23/08/2021,P,WS00091
Srg,WGO_JG,306, ,23/08/2021,D,WS00092
Srg,WGO_JG,306, ,23/08/2021,C,WS00093
Srg,WGO_JG,401, ,23/08/2021,D,WS00094
Srg,WGO_JG,401, ,23/08/2021,P,WS00095
Srg,WGO_JG,401, ,23/08/2021,C,WS00096
Srg,WGO_JG,402, ,23/08/2021,P,WS00097
Srg,WGO_JG,402, ,23/08/2021,D,WS00098
Srg,WGO_JG,402, ,23/08/2021,C,WS00099
Srg,WGO_JG,403, ,23/08/2021,D,WS00100
Srg,WGO_JG,403, ,23/08/2021,C,WS00101
Srg,WGO_JG,403, ,23/08/2021,P,WS00102
Srg,WGO_JG,404, ,23/08/2021,C,WS00103
Srg,WGO_JG,404, ,23/08/2021,P,WS00104
Srg,WGO_JG,404, ,23/08/2021,D,WS00105
Srg,WGO_JG,405, ,23/08/2021,D,WS00106
Srg,WGO_JG,405, ,23/08/2021,P,WS00107
Srg,WGO_JG,405, ,23/08/2021,C,WS00108
Srg,WGO_JG,406, ,23/08/2021,C,WS00109
Srg,WGO_JG,406, ,23/08/2021,D,WS00110
Srg,WGO_JG,406, ,23/08/2021,P,WS00111
Srg,WGO_JG,101, ,26/08/2021,P,WS00112
Srg,WGO_JG,101, ,26/08/2021,C,WS00113
Srg,WGO_JG,101, ,26/08/2021,D,WS00114
Srg,WGO_JG,102, ,26/08/2021,P,WS00115
Srg,WGO_JG,102, ,26/08/2021,D,WS00116
Srg,WGO_JG,102, ,26/08/2021,C,WS00117
Srg,WGO_JG,103, ,26/08/2021,C,WS00118
Srg,WGO_JG,103, ,26/08/2021,P,WS00119
Srg,WGO_JG,103, ,26/08/2021,D,WS00120
Srg,WGO_JG,104, ,26/08/2021,D,WS00121
Srg,WGO_JG,104, ,26/08/2021,C,WS00122
Srg,WGO_JG,104, ,26/08/2021,P,WS00123
Srg,WGO_JG,105, ,26/08/2021,P,WS00124
Srg,WGO_JG,105, ,26/08/2021,C,WS00125
Srg,WGO_JG,105, ,26/08/2021,D,WS00126
Srg,WGO_JG,106, ,26/08/2021,P,WS00127
Srg,WGO_JG,106, ,26/08/2021,C,WS00128
Srg,WGO_JG,201, ,26/08/2021,D,WS00129
Srg,WGO_JG,201, ,26/08/2021,C,WS00130
Srg,WGO_JG,201, ,26/08/2021,P,WS00131
Srg,WGO_JG,202, ,26/08/2021,P,WS00132
Srg,WGO_JG,202, ,26/08/2021,C,WS00133
Srg,WGO_JG,202, ,26/08/2021,D,WS00134
Srg,WGO_JG,203, ,26/08/2021,C,WS00135
Srg,WGO_JG,203, ,26/08/2021,P,WS00136
Srg,WGO_JG,203, ,26/08/2021,D,WS00137
Srg,WGO_JG,204, ,26/08/2021,C,WS00138
Srg,WGO_JG,204, ,26/08/2021,D,WS00139
Srg,WGO_JG,204, ,26/08/2021,P,WS00140
Srg,WGO_JG,205, ,26/08/2021,P,WS00141
Srg,WGO_JG,205, ,26/08/2021,C,WS00142
Srg,WGO_JG,205, ,26/08/2021,D,WS00143
Srg,WGO_JG,206, ,26/08/2021,D,WS00144
Srg,WGO_JG,206, ,26/08/2021,C,WS00145
Srg,WGO_JG,206, ,26/08/2021,P,WS00146
Srg,WGO_JG,206, ,26/08/2021,D,WS00147
Srg,WGO_JG,301, ,26/08/2021,C,WS00148
Srg,WGO_JG,301, ,26/08/2021,D,WS00149
Srg,WGO_JG,301, ,26/08/2021,P,WS00150
Srg,WGO_JG,302, ,26/08/2021,C,WS00151
Srg,WGO_JG,302, ,26/08/2021,P,WS00152
Srg,WGO_JG,302, ,26/08/2021,D,WS00153
Srg,WGO_JG,303, ,26/08/2021,C,WS00154
Srg,WGO_JG,303, ,26/08/2021,P,WS00155
Srg,WGO_JG,303, ,26/08/2021,D,WS00156
Srg,WGO_JG,304, ,26/08/2021,C,WS00157
Srg,WGO_JG,304, ,26/08/2021,P,WS00158
Srg,WGO_JG,304, ,26/08/2021,D,WS00159
Srg,WGO_JG,305, ,26/08/2021,C,WS00160
Srg,WGO_JG,305, ,26/08/2021,D,WS00161
Srg,WGO_JG,305, ,26/08/2021,P,WS00162
Srg,WGO_JG,306, ,26/08/2021,D,WS00163
Srg,WGO_JG,306, ,26/08/2021,C,WS00164
Srg,WGO_JG,306, ,26/08/2021,P,WS00165
Srg,WGO_JG,401, ,26/08/2021,D,WS00166
Srg,WGO_JG,401, ,26/08/2021,P,WS00167
Srg,WGO_JG,401, ,26/08/2021,C,WS00168
Srg,WGO_JG,402, ,26/08/2021,C,WS00169
Srg,WGO_JG,402, ,26/08/2021,D,WS00170
Srg,WGO_JG,402, ,26/08/2021,P,WS00171
Srg,WGO_JG,403, ,26/08/2021,C,WS00172
Srg,WGO_JG,403, ,26/08/2021,D,WS00173
Srg,WGO_JG,403, ,26/08/2021,P,WS00174
Srg,WGO_JG,404, ,26/08/2021,P,WS00175
Srg,WGO_JG,404, ,26/08/2021,D,WS00176
Srg,WGO_JG,404, ,26/08/2021,C,WS00177
Srg,WGO_JG,405, ,26/08/2021,D,WS00178
Srg,WGO_JG,405, ,26/08/2021,P,WS00179
Srg,WGO_JG,405, ,26/08/2021,C,WS00180
Srg,WGO_JG,406, ,26/08/2021,C,WS00181
Srg,WGO_JG,406, ,26/08/2021,P,WS00182
Srg,WGO_JG,406, ,26/08/2021,D,WS00183
Srg,WGO_JG,101, ,1/9/2021,P,WS00184
Srg,WGO_JG,101, ,1/9/2021,D,WS00185
Srg,WGO_JG,101, ,1/9/2021,C,WS00186
Srg,WGO_JG,102, ,1/9/2021,C,WS00187
Srg,WGO_JG,102, ,1/9/2021,D,WS00188
Srg,WGO_JG,102, ,1/9/2021,P,WS00189
Srg,WGO_JG,103, ,1/9/2021,P,WS00190
Srg,WGO_JG,103, ,1/9/2021,D,WS00191
Srg,WGO_JG,103, ,1/9/2021,C,WS00192
Srg,WGO_JG,104, ,1/9/2021,P,WS00193
Srg,WGO_JG,104, ,1/9/2021,C,WS00194
Srg,WGO_JG,104, ,1/9/2021,D,WS00195
Srg,WGO_JG,105, ,1/9/2021,P,WS00196
Srg,WGO_JG,105, ,1/9/2021,D,WS00197
Srg,WGO_JG,105, ,1/9/2021,C,WS00198
Srg,WGO_JG,106, ,1/9/2021,C,WS00199
Srg,WGO_JG,106, ,1/9/2021,P,WS00200
Srg,WGO_JG,106, ,1/9/2021,D,WS00201
Srg,WGO_JG,201, ,1/9/2021,C,WS00202
Srg,WGO_JG,201, ,1/9/2021,P,WS00203
Srg,WGO_JG,201, ,1/9/2021,D,WS00204
Srg,WGO_JG,201, ,1/9/2021,P,WS00205
Srg,WGO_JG,202, ,1/9/2021,D,WS00206
Srg,WGO_JG,202, ,1/9/2021,P,WS00207
Srg,WGO_JG,202, ,1/9/2021,C,WS00208
Srg,WGO_JG,203, ,1/9/2021,P,WS00209
Srg,WGO_JG,203, ,1/9/2021,D,WS00210
Srg,WGO_JG,203, ,1/9/2021,C,WS00211
Srg,WGO_JG,204, ,1/9/2021,D,WS00212
Srg,WGO_JG,204, ,1/9/2021,P,WS00213
Srg,WGO_JG,204, ,1/9/2021,C,WS00214
Srg,WGO_JG,205, ,1/9/2021,D,WS00215
Srg,WGO_JG,205, ,1/9/2021,C,WS00216
Srg,WGO_JG,205, ,1/9/2021,P,WS00217
Srg,WGO_JG,206, ,1/9/2021,D,WS00218
Srg,WGO_JG,206, ,1/9/2021,C,WS00219
Srg,WGO_JG,206, ,1/9/2021,P,WS00220
Srg,WGO_JG,301, ,1/9/2021,P,WS00221
Srg,WGO_JG,301, ,1/9/2021,C,WS00222
Srg,WGO_JG,301, ,1/9/2021,D,WS00223
Srg,WGO_JG,302, ,1/9/2021,D,WS00224
Srg,WGO_JG,302, ,1/9/2021,C,WS00225
Srg,WGO_JG,302, ,1/9/2021,P,WS00226
Srg,WGO_JG,303, ,1/9/2021,C,WS00227
Srg,WGO_JG,303, ,1/9/2021,P,WS00228
Srg,WGO_JG,303, ,1/9/2021,D,WS00229
Srg,WGO_JG,304, ,1/9/2021,C,WS00230
Srg,WGO_JG,304, ,1/9/2021,D,WS00231
Srg,WGO_JG,305, ,1/9/2021,P,WS00232
Srg,WGO_JG,305, ,1/9/2021,C,WS00233
Srg,WGO_JG,305, ,1/9/2021,D,WS00234
Srg,WGO_JG,306, ,1/9/2021,D,WS00235
Srg,WGO_JG,306, ,1/9/2021,C,WS00236
Srg,WGO_JG,306, ,1/9/2021,P,WS00237
Srg,WGO_JG,401, ,1/9/2021,P,WS00238
Srg,WGO_JG,401, ,1/9/2021,D,WS00239
Srg,WGO_JG,401, ,1/9/2021,C,WS00240
Srg,WGO_JG,402, ,1/9/2021,D,WS00241
Srg,WGO_JG,402, ,1/9/2021,P,WS00242
Srg,WGO_JG,402, ,1/9/2021,C,WS00243
Srg,WGO_JG,403, ,1/9/2021,P,WS00244
Srg,WGO_JG,403, ,1/9/2021,D,WS00245
Srg,WGO_JG,403, ,1/9/2021,C,WS00246
Srg,WGO_JG,404, ,1/9/2021,D,WS00247
Srg,WGO_JG,404, ,1/9/2021,C,WS00248
Srg,WGO_JG,404, ,1/9/2021,P,WS00249
Srg,WGO_JG,405, ,1/9/2021,D,WS00250
Srg,WGO_JG,405, ,1/9/2021,P,WS00251
Srg,WGO_JG,405, ,1/9/2021,C,WS00252
Srg,WGO_JG,406, ,1/9/2021,P,WS00253
Srg,WGO_JG,406, ,1/9/2021,D,WS00254
Srg,WGO_JG,406, ,1/9/2021,C,WS00255
Srg,WGO_JG,101, ,8/9/2021,P,WS00256
Srg,WGO_JG,101, ,8/9/2021,D,WS00257
Srg,WGO_JG,101, ,8/9/2021,C,WS00258
Srg,WGO_JG,102, ,8/9/2021,P,WS00259
Srg,WGO_JG,102, ,8/9/2021,D,WS00260
Srg,WGO_JG,102, ,8/9/2021,C,WS00261
Srg,WGO_JG,103, ,8/9/2021,C,WS00262
Srg,WGO_JG,103, ,8/9/2021,D,WS00263
Srg,WGO_JG,103, ,8/9/2021,P,WS00264
Srg,WGO_JG,104, ,8/9/2021,P,WS00265
Srg,WGO_JG,104, ,8/9/2021,C,WS00266
Srg,WGO_JG,104, ,8/9/2021,D,WS00267
Srg,WGO_JG,105, ,8/9/2021,P,WS00268
Srg,WGO_JG,105, ,8/9/2021,C,WS00269
Srg,WGO_JG,105, ,8/9/2021,D,WS00270
Srg,WGO_JG,106, ,8/9/2021,P,WS00271
Srg,WGO_JG,106, ,8/9/2021,P,WS00272
Srg,WGO_JG,106, ,8/9/2021,C,WS00273
Srg,WGO_JG,201, ,8/9/2021,P,WS00274
Srg,WGO_JG,201, ,8/9/2021,C,WS00275
Srg,WGO_JG,201, ,8/9/2021,D,WS00276
Srg,WGO_JG,202, ,8/9/2021,C,WS00277
Srg,WGO_JG,202, ,8/9/2021,D,WS00278
Srg,WGO_JG,202, ,8/9/2021,D,WS00279
Srg,WGO_JG,203, ,8/9/2021,P,WS00280
Srg,WGO_JG,203, ,8/9/2021,C,WS00281
Srg,WGO_JG,203, ,8/9/2021,D,WS00282
Srg,WGO_JG,204, ,8/9/2021,C,WS00283
Srg,WGO_JG,204, ,8/9/2021,D,WS00284
Srg,WGO_JG,204, ,8/9/2021,P,WS00285
Srg,WGO_JG,205, ,8/9/2021,C,WS00286
Srg,WGO_JG,205, ,8/9/2021,D,WS00287
Srg,WGO_JG,205, ,8/9/2021,P,WS00288
Srg,WGO_JG,206, ,8/9/2021,P,WS00289
Srg,WGO_JG,206, ,8/9/2021,D,WS00290
Srg,WGO_JG,206, ,8/9/2021,C,WS00291
Srg,WGO_JG,206, ,8/9/2021,D,WS00292
Srg,WGO_JG,301, ,8/9/2021,P,WS00293
Srg,WGO_JG,301, ,8/9/2021,C,WS00294
Srg,WGO_JG,301, ,8/9/2021,D,WS00295
Srg,WGO_JG,302, ,8/9/2021,D,WS00296
Srg,WGO_JG,302, ,8/9/2021,P,WS00297
Srg,WGO_JG,302, ,8/9/2021,C,WS00298
Srg,WGO_JG,303, ,8/9/2021,C,WS00299
Srg,WGO_JG,303, ,8/9/2021,P,WS00300
Srg,WGO_JG,303, ,8/9/2021,D,WS00301
Srg,WGO_JG,304, ,8/9/2021,D,WS00302
Srg,WGO_JG,304, ,8/9/2021,C,WS00303
Srg,WGO_JG,304, ,8/9/2021,P,WS00304
Srg,WGO_JG,305, ,8/9/2021,C,WS00305
Srg,WGO_JG,305, ,8/9/2021,P,WS00306
Srg,WGO_JG,305, ,8/9/2021,D,WS00307
Srg,WGO_JG,306, ,8/9/2021,C,WS00308
Srg,WGO_JG,306, ,8/9/2021,P,WS00309
Srg,WGO_JG,401, ,8/9/2021,D,WS00310
Srg,WGO_JG,401, ,8/9/2021,P,WS00311
Srg,WGO_JG,401, ,8/9/2021,C,WS00312
Srg,WGO_JG,402, ,8/9/2021,C,WS00313
Srg,WGO_JG,402, ,8/9/2021,P,WS00314
Srg,WGO_JG,402, ,8/9/2021,D,WS00315
Srg,WGO_JG,403, ,8/9/2021,P,WS00316
Srg,WGO_JG,403, ,8/9/2021,D,WS00317
Srg,WGO_JG,403, ,8/9/2021,C,WS00318
Srg,WGO_JG,404, ,8/9/2021,P,WS00319
Srg,WGO_JG,404, ,8/9/2021,C,WS00320
Srg,WGO_JG,404, ,8/9/2021,D,WS00321
Srg,WGO_JG,405, ,8/9/2021,P,WS00322
Srg,WGO_JG,405, ,8/9/2021,C,WS00323
Srg,WGO_JG,405, ,8/9/2021,D,WS00324
Srg,WGO_JG,406, ,8/9/2021,C,WS00325
Srg,WGO_JG,406, ,8/9/2021,P,WS00326
Srg,WGO_JG,406, ,8/9/2021,D,WS00327
Srg,WGO_JG,101, ,10/9/2021,P,WS00328
Srg,WGO_JG,101, ,10/9/2021,C,WS00329
Srg,WGO_JG,101, ,10/9/2021,D,WS00330
Srg,WGO_JG,102, ,10/9/2021,C,WS00331
Srg,WGO_JG,102, ,10/9/2021,D,WS00332
Srg,WGO_JG,102, ,10/9/2021,P,WS00333
Srg,WGO_JG,103, ,10/9/2021,D,WS00334
Srg,WGO_JG,103, ,10/9/2021,P,WS00335
Srg,WGO_JG,103, ,10/9/2021,C,WS00336
Srg,WGO_JG,104, ,10/9/2021,C,WS00337
Srg,WGO_JG,104, ,10/9/2021,P,WS00338
Srg,WGO_JG,104, ,10/9/2021,D,WS00339
Srg,WGO_JG,105, ,10/9/2021,C,WS00340
Srg,WGO_JG,105, ,10/9/2021,P,WS00341
Srg,WGO_JG,105, ,10/9/2021,D,WS00342
Srg,WGO_JG,106, ,10/9/2021,P,WS00343
Srg,WGO_JG,106, ,10/9/2021,C,WS00344
Srg,WGO_JG,106, ,10/9/2021,D,WS00345
Srg,WGO_JG,201, ,10/9/2021,C,WS00346
Srg,WGO_JG,201, ,10/9/2021,D,WS00347
Srg,WGO_JG,201, ,10/9/2021,P,WS00348
Srg,WGO_JG,202, ,10/9/2021,P,WS00349
Srg,WGO_JG,202, ,10/9/2021,D,WS00350
Srg,WGO_JG,202, ,10/9/2021,C,WS00351
Srg,WGO_JG,203, ,10/9/2021,P,WS00352
Srg,WGO_JG,203, ,10/9/2021,C,WS00353
Srg,WGO_JG,203, ,10/9/2021,D,WS00354
Srg,WGO_JG,204, ,10/9/2021,P,WS00355
Srg,WGO_JG,204, ,10/9/2021,D,WS00356
Srg,WGO_JG,204, ,10/9/2021,C,WS00357
Srg,WGO_JG,205, ,10/9/2021,C,WS00358
Srg,WGO_JG,205, ,10/9/2021,D,WS00359
Srg,WGO_JG,205, ,10/9/2021,P,WS00360
Srg,WGO_JG,206, ,10/9/2021,D,WS00361
Srg,WGO_JG,206, ,10/9/2021,C,WS00362
Srg,WGO_JG,206, ,10/9/2021,P,WS00363
Srg,WGO_JG,301, ,10/9/2021,P,WS00364
Srg,WGO_JG,301, ,10/9/2021,C,WS00365
Srg,WGO_JG,301, ,10/9/2021,D,WS00366
Srg,WGO_JG,302, ,10/9/2021,P,WS00367
Srg,WGO_JG,302, ,10/9/2021,C,WS00368
Srg,WGO_JG,302, ,10/9/2021,D,WS00369
Srg,WGO_JG,303, ,10/9/2021,D,WS00370
Srg,WGO_JG,303, ,10/9/2021,P,WS00371
Srg,WGO_JG,303, ,10/9/2021,C,WS00372
Srg,WGO_JG,304, ,10/9/2021,C,WS00373
Srg,WGO_JG,304, ,10/9/2021,P,WS00374
Srg,WGO_JG,304, ,10/9/2021,D,WS00375
Srg,WGO_JG,305, ,10/9/2021,C,WS00376
Srg,WGO_JG,305, ,10/9/2021,D,WS00377
Srg,WGO_JG,305, ,10/9/2021,P,WS00378
Srg,WGO_JG,306, ,10/9/2021,C,WS00379
Srg,WGO_JG,306, ,10/9/2021,P,WS00380
Srg,WGO_JG,306, ,10/9/2021,D,WS00381
Srg,WGO_JG,401, ,10/9/2021,P,WS00382
Srg,WGO_JG,401, ,10/9/2021,C,WS00383
Srg,WGO_JG,401, ,10/9/2021,D,WS00384
Srg,WGO_JG,402, ,10/9/2021,C,WS00385
Srg,WGO_JG,402, ,10/9/2021,D,WS00386
Srg,WGO_JG,402, ,10/9/2021,P,WS00387
Srg,WGO_JG,403, ,10/9/2021,C,WS00388
Srg,WGO_JG,403, ,10/9/2021,D,WS00389
Srg,WGO_JG,403, ,10/9/2021,P,WS00390
Srg,WGO_JG,404, ,10/9/2021,P,WS00391
Srg,WGO_JG,404, ,10/9/2021,D,WS00392
Srg,WGO_JG,404, ,10/9/2021,C,WS00393
Srg,WGO_JG,405, ,10/9/2021,C,WS00394
Srg,WGO_JG,405, ,10/9/2021,D,WS00395
Srg,WGO_JG,405, ,10/9/2021,P,WS00396
Srg,WGO_JG,406, ,10/9/2021,C,WS00397
Srg,WGO_JG,406, ,10/9/2021,P,WS00398
Srg,WGO_JG,406, ,10/9/2021,D,WS00399
Srg,WGO_JG,101, ,16/09/2021,P,WS00400
Srg,WGO_JG,101, ,16/09/2021,D,WS00401
Srg,WGO_JG,101, ,16/09/2021,C,WS00402
Srg,WGO_JG,102, ,16/09/2021,C,WS00403
Srg,WGO_JG,102, ,16/09/2021,P,WS00404
Srg,WGO_JG,102, ,16/09/2021,D,WS00405
Srg,WGO_JG,103, ,16/09/2021,D,WS00406
Srg,WGO_JG,103, ,16/09/2021,P,WS00407
Srg,WGO_JG,103, ,16/09/2021,C,WS00408
Srg,WGO_JG,104, ,16/09/2021,C,WS00409
Srg,WGO_JG,104, ,16/09/2021,P,WS00410
Srg,WGO_JG,104, ,16/09/2021,D,WS00411
Srg,WGO_JG,105, ,16/09/2021,D,WS00412
Srg,WGO_JG,105, ,16/09/2021,C,WS00413
Srg,WGO_JG,105, ,16/09/2021,P,WS00414
Srg,WGO_JG,106, ,16/09/2021,C,WS00415
Srg,WGO_JG,106, ,16/09/2021,P,WS00416
Srg,WGO_JG,106, ,16/09/2021,D,WS00417
Srg,WGO_JG,201, ,16/09/2021,C,WS00418
Srg,WGO_JG,201, ,16/09/2021,P,WS00419
Srg,WGO_JG,201, ,16/09/2021,D,WS00420
Srg,WGO_JG,202, ,16/09/2021,P,WS00421
Srg,WGO_JG,202, ,16/09/2021,D,WS00422
Srg,WGO_JG,202, ,16/09/2021,C,WS00423
Srg,WGO_JG,203, ,16/09/2021,D,WS00424
Srg,WGO_JG,203, ,16/09/2021,P,WS00425
Srg,WGO_JG,203, ,16/09/2021,C,WS00426
Srg,WGO_JG,204, ,16/09/2021,P,WS00427
Srg,WGO_JG,204, ,16/09/2021,D,WS00428
Srg,WGO_JG,204, ,16/09/2021,C,WS00429
Srg,WGO_JG,205, ,16/09/2021,P,WS00430
Srg,WGO_JG,205, ,16/09/2021,C,WS00431
Srg,WGO_JG,205, ,16/09/2021,D,WS00432
Srg,WGO_JG,206, ,16/09/2021,C,WS00433
Srg,WGO_JG,206, ,16/09/2021,P,WS00434
Srg,WGO_JG,206, ,16/09/2021,D,WS00435
Srg,WGO_JG,301, ,16/09/2021,D,WS00436
Srg,WGO_JG,301, ,16/09/2021,C,WS00437
Srg,WGO_JG,301, ,16/09/2021,P,WS00438
Srg,WGO_JG,302, ,16/09/2021,C,WS00439
Srg,WGO_JG,302, ,16/09/2021,P,WS00440
Srg,WGO_JG,302, ,16/09/2021,D,WS00441
Srg,WGO_JG,303, ,16/09/2021,P,WS00442
Srg,WGO_JG,303, ,16/09/2021,D,WS00443
Srg,WGO_JG,303, ,16/09/2021,C,WS00444
Srg,WGO_JG,304, ,16/09/2021,C,WS00445
Srg,WGO_JG,304, ,16/09/2021,P,WS00446
Srg,WGO_JG,304, ,16/09/2021,D,WS00447
Srg,WGO_JG,305, ,16/09/2021,P,WS00448
Srg,WGO_JG,305, ,16/09/2021,C,WS00449
Srg,WGO_JG,305, ,16/09/2021,D,WS00450
Srg,WGO_JG,306, ,16/09/2021,C,WS00451
Srg,WGO_JG,306, ,16/09/2021,P,WS00452
Srg,WGO_JG,306, ,16/09/2021,D,WS00453
Srg,WGO_JG,401, ,16/09/2021,C,WS00454
Srg,WGO_JG,401, ,16/09/2021,P,WS00455
Srg,WGO_JG,401, ,16/09/2021,D,WS00456
Srg,WGO_JG,402, ,16/09/2021,C,WS00457
Srg,WGO_JG,402, ,16/09/2021,P,WS00458
Srg,WGO_JG,402, ,16/09/2021,D,WS00459
Srg,WGO_JG,403, ,16/09/2021,P,WS00460
Srg,WGO_JG,403, ,16/09/2021,D,WS00461
Srg,WGO_JG,403, ,16/09/2021,C,WS00462
Srg,WGO_JG,404, ,16/09/2021,P,WS00463
Srg,WGO_JG,404, ,16/09/2021,D,WS00464
Srg,WGO_JG,404, ,16/09/2021,C,WS00465
Srg,WGO_JG,405, ,16/09/2021,C,WS00466
Srg,WGO_JG,405, ,16/09/2021,P,WS00467
Srg,WGO_JG,405, ,16/09/2021,D,WS00468
Srg,WGO_JG,406, ,16/09/2021,P,WS00469
Srg,WGO_JG,406, ,16/09/2021,D,WS00470
Srg,WGO_JG,406, ,16/09/2021,C,WS00471
Srg,WGO_JG,101, ,9/29/2021,C,WS00472
Srg,WGO_JG,101, ,9/29/2021,D,WS00473
Srg,WGO_JG,101, ,9/29/2021,P,WS00474
Srg,WGO_JG,102, ,9/29/2021,C,WS00475
Srg,WGO_JG,102, ,9/29/2021,D,WS00476
Srg,WGO_JG,102, ,9/29/2021,P,WS00477
Srg,WGO_JG,103, ,9/29/2021,C,WS00478
Srg,WGO_JG,103, ,9/29/2021,D,WS00479
Srg,WGO_JG,103, ,9/29/2021,P,WS00480
Srg,WGO_JG,104, ,9/29/2021,C,WS00481
Srg,WGO_JG,104, ,9/29/2021,D,WS00482
Srg,WGO_JG,104, ,9/29/2021,P,WS00483
Srg,WGO_JG,105, ,9/29/2021,C,WS00484
Srg,WGO_JG,105, ,9/29/2021,D,WS00485
Srg,WGO_JG,105, ,9/29/2021,P,WS00486
Srg,WGO_JG,106, ,9/29/2021,C,WS00487
Srg,WGO_JG,106, ,9/29/2021,D,WS00488
Srg,WGO_JG,106, ,9/29/2021,P,WS00489
Srg,WGO_JG,201, ,9/29/2021,C,WS00490
Srg,WGO_JG,201, ,9/29/2021,D,WS00491
Srg,WGO_JG,201, ,9/29/2021,P,WS00492
Srg,WGO_JG,202, ,9/29/2021,C,WS00493
Srg,WGO_JG,202, ,9/29/2021,D,WS00494
Srg,WGO_JG,202, ,9/29/2021,P,WS00495
Srg,WGO_JG,203, ,9/29/2021,C,WS00496
Srg,WGO_JG,203, ,9/29/2021,D,WS00497
Srg,WGO_JG,203, ,9/29/2021,P,WS00498
Srg,WGO_JG,204, ,9/29/2021,C,WS00499
Srg,WGO_JG,204, ,9/29/2021,D,WS00500
Srg,WGO_JG,204, ,9/29/2021,P,WS00501
Srg,WGO_JG,205, ,9/29/2021,C,WS00502
Srg,WGO_JG,205, ,9/29/2021,D,WS00503
Srg,WGO_JG,205, ,9/29/2021,P,WS00504
Srg,WGO_JG,206, ,9/29/2021,C,WS00505
Srg,WGO_JG,206, ,9/29/2021,D,WS00506
Srg,WGO_JG,206, ,9/29/2021,P,WS00507
Srg,WGO_JG,301, ,9/29/2021,C,WS00508
Srg,WGO_JG,301, ,9/29/2021,D,WS00509
Srg,WGO_JG,301, ,9/29/2021,P,WS00510
Srg,WGO_JG,302, ,9/29/2021,P,WS00511
Srg,WGO_JG,302, ,9/29/2021,C,WS00512
Srg,WGO_JG,302, ,9/29/2021,D,WS00513
Srg,WGO_JG,303, ,9/29/2021,C,WS00514
Srg,WGO_JG,303, ,9/29/2021,D,WS00515
Srg,WGO_JG,303, ,9/29/2021,P,WS00516
Srg,WGO_JG,304, ,9/29/2021,C,WS00517
Srg,WGO_JG,304, ,9/29/2021,D,WS00518
Srg,WGO_JG,304, ,9/29/2021,P,WS00519
Srg,WGO_JG,305, ,9/29/2021,C,WS00520
Srg,WGO_JG,305, ,9/29/2021,D,WS00521
Srg,WGO_JG,305, ,9/29/2021,P,WS00522
Srg,WGO_JG,306, ,9/29/2021,C,WS00523
Srg,WGO_JG,306, ,9/29/2021,D,WS00524
Srg,WGO_JG,306, ,9/29/2021,P,WS00525
Srg,WGO_JG,401, ,9/29/2021,C,WS00526
Srg,WGO_JG,401, ,9/29/2021,D,WS00527
Srg,WGO_JG,401, ,9/29/2021,P,WS00528
Srg,WGO_JG,402, ,9/29/2021,C,WS00529
Srg,WGO_JG,402, ,9/29/2021,D,WS00530
Srg,WGO_JG,402, ,9/29/2021,P,WS00531
Srg,WGO_JG,403, ,9/29/2021,C,WS00532
Srg,WGO_JG,403, ,9/29/2021,D,WS00533
Srg,WGO_JG,403, ,9/29/2021,P,WS00534
Srg,WGO_JG,404, ,9/29/2021,C,WS00535
Srg,WGO_JG,404, ,9/29/2021,D,WS00536
Srg,WGO_JG,404, ,9/29/2021,P,WS00537
Srg,WGO_JG,405, ,9/29/2021,C,WS00538
Srg,WGO_JG,405, ,9/29/2021,D,WS00539
Srg,WGO_JG,405, ,9/29/2021,P,WS00540
Srg,WGO_JG,406, ,9/29/2021,C,WS00541
Srg,WGO_JG,406, ,9/29/2021,D,WS00542
Srg,WGO_JG,406, ,9/29/2021,P,WS00543
