tissue_info1,tissue_info2,tissue_info3,tissue_info4,tissue_info5,tissue_ucode
Srg,WGO_JG,104,C,12/08/2021,WS00001
Srg,WGO_JG,203,C,12/08/2021,WS00002
Srg,WGO_JG,301,C,12/08/2021,WS00003
Srg,WGO_JG,403,C,12/08/2021,WS00004
Srg,WGO_JG,101,C,16/08/2021,WS00005
Srg,WGO_JG,102,C,16/08/2021,WS00006
Srg,WGO_JG,103,C,16/08/2021,WS00007
Srg,WGO_JG,104,C,16/08/2021,WS00008
Srg,WGO_JG,104,P,16/08/2021,WS00009
Srg,WGO_JG,104,D,16/08/2021,WS00010
Srg,WGO_JG,105,C,16/08/2021,WS00011
Srg,WGO_JG,106,C,16/08/2021,WS00012
Srg,WGO_JG,201,C,16/08/2021,WS00013
Srg,WGO_JG,202,C,16/08/2021,WS00014
Srg,WGO_JG,203,P,16/08/2021,WS00015
Srg,WGO_JG,203,D,16/08/2021,WS00016
Srg,WGO_JG,203,C,16/08/2021,WS00017
Srg,WGO_JG,204,D,16/08/2021,WS00018
Srg,WGO_JG,204,C,16/08/2021,WS00019
Srg,WGO_JG,204,P,16/08/2021,WS00020
Srg,WGO_JG,205,C,16/08/2021,WS00021
Srg,WGO_JG,206,C,16/08/2021,WS00022
Srg,WGO_JG,301,D,16/08/2021,WS00023
Srg,WGO_JG,301,C,16/08/2021,WS00024
Srg,WGO_JG,301,P,16/08/2021,WS00025
Srg,WGO_JG,302,C,16/08/2021,WS00026
Srg,WGO_JG,303,C,16/08/2021,WS00027
Srg,WGO_JG,304,C,16/08/2021,WS00028
Srg,WGO_JG,305,C,16/08/2021,WS00029
Srg,WGO_JG,306,C,16/08/2021,WS00030
Srg,WGO_JG,306,P,16/08/2021,WS00031
Srg,WGO_JG,401,C,16/08/2021,WS00032
Srg,WGO_JG,402,C,16/08/2021,WS00033
Srg,WGO_JG,403,D,16/08/2021,WS00034
Srg,WGO_JG,403,C,16/08/2021,WS00035
Srg,WGO_JG,403,P,16/08/2021,WS00036
Srg,WGO_JG,404,C,16/08/2021,WS00037
Srg,WGO_JG,405,C,16/08/2021,WS00038
Srg,WGO_JG,406,C,16/08/2021,WS00039
Srg,WGO_JG,101,P,23/08/2021,WS00040
Srg,WGO_JG,101,D,23/08/2021,WS00041
Srg,WGO_JG,101,C,23/08/2021,WS00042
Srg,WGO_JG,102,D,23/08/2021,WS00043
Srg,WGO_JG,102,P,23/08/2021,WS00044
Srg,WGO_JG,102,C,23/08/2021,WS00045
Srg,WGO_JG,103,D,23/08/2021,WS00046
Srg,WGO_JG,103,P,23/08/2021,WS00047
Srg,WGO_JG,103,C,23/08/2021,WS00048
Srg,WGO_JG,104,P,23/08/2021,WS00049
Srg,WGO_JG,104,C,23/08/2021,WS00050
Srg,WGO_JG,104,D,23/08/2021,WS00051
Srg,WGO_JG,105,D,23/08/2021,WS00052
Srg,WGO_JG,105,P,23/08/2021,WS00053
Srg,WGO_JG,105,C,23/08/2021,WS00054
Srg,WGO_JG,106,P,23/08/2021,WS00055
Srg,WGO_JG,106,D,23/08/2021,WS00056
Srg,WGO_JG,106,C,23/08/2021,WS00057
Srg,WGO_JG,201,C,23/08/2021,WS00058
Srg,WGO_JG,201,P,23/08/2021,WS00059
Srg,WGO_JG,201,D,23/08/2021,WS00060
Srg,WGO_JG,202,D,23/08/2021,WS00061
Srg,WGO_JG,202,C,23/08/2021,WS00062
Srg,WGO_JG,202,P,23/08/2021,WS00063
Srg,WGO_JG,203,P,23/08/2021,WS00064
Srg,WGO_JG,203,C,23/08/2021,WS00065
Srg,WGO_JG,203,D,23/08/2021,WS00066
Srg,WGO_JG,204,D,23/08/2021,WS00067
Srg,WGO_JG,204,C,23/08/2021,WS00068
Srg,WGO_JG,204,P,23/08/2021,WS00069
Srg,WGO_JG,205,D,23/08/2021,WS00070
Srg,WGO_JG,205,C,23/08/2021,WS00071
Srg,WGO_JG,205,P,23/08/2021,WS00072
Srg,WGO_JG,206,P,23/08/2021,WS00073
Srg,WGO_JG,206,D,23/08/2021,WS00074
Srg,WGO_JG,206,C,23/08/2021,WS00075
Srg,WGO_JG,301,C,23/08/2021,WS00076
Srg,WGO_JG,301,P,23/08/2021,WS00077
Srg,WGO_JG,301,D,23/08/2021,WS00078
Srg,WGO_JG,302,C,23/08/2021,WS00079
Srg,WGO_JG,302,P,23/08/2021,WS00080
Srg,WGO_JG,302,D,23/08/2021,WS00081
Srg,WGO_JG,303,D,23/08/2021,WS00082
Srg,WGO_JG,303,C,23/08/2021,WS00083
Srg,WGO_JG,303,P,23/08/2021,WS00084
Srg,WGO_JG,304,D,23/08/2021,WS00085
Srg,WGO_JG,304,C,23/08/2021,WS00086
Srg,WGO_JG,304,P,23/08/2021,WS00087
Srg,WGO_JG,305,C,23/08/2021,WS00088
Srg,WGO_JG,305,D,23/08/2021,WS00089
Srg,WGO_JG,305,P,23/08/2021,WS00090
Srg,WGO_JG,306,P,23/08/2021,WS00091
Srg,WGO_JG,306,D,23/08/2021,WS00092
Srg,WGO_JG,306,C,23/08/2021,WS00093
Srg,WGO_JG,401,D,23/08/2021,WS00094
Srg,WGO_JG,401,P,23/08/2021,WS00095
Srg,WGO_JG,401,C,23/08/2021,WS00096
Srg,WGO_JG,402,P,23/08/2021,WS00097
Srg,WGO_JG,402,D,23/08/2021,WS00098
Srg,WGO_JG,402,C,23/08/2021,WS00099
Srg,WGO_JG,403,D,23/08/2021,WS00100
Srg,WGO_JG,403,C,23/08/2021,WS00101
Srg,WGO_JG,403,P,23/08/2021,WS00102
Srg,WGO_JG,404,C,23/08/2021,WS00103
Srg,WGO_JG,404,P,23/08/2021,WS00104
Srg,WGO_JG,404,D,23/08/2021,WS00105
Srg,WGO_JG,405,D,23/08/2021,WS00106
Srg,WGO_JG,405,P,23/08/2021,WS00107
Srg,WGO_JG,405,C,23/08/2021,WS00108
Srg,WGO_JG,406,C,23/08/2021,WS00109
Srg,WGO_JG,406,D,23/08/2021,WS00110
Srg,WGO_JG,406,P,23/08/2021,WS00111
Srg,WGO_JG,101,P,26/08/2021,WS00112
Srg,WGO_JG,101,C,26/08/2021,WS00113
Srg,WGO_JG,101,D,26/08/2021,WS00114
Srg,WGO_JG,102,P,26/08/2021,WS00115
Srg,WGO_JG,102,D,26/08/2021,WS00116
Srg,WGO_JG,102,C,26/08/2021,WS00117
Srg,WGO_JG,103,C,26/08/2021,WS00118
Srg,WGO_JG,103,P,26/08/2021,WS00119
Srg,WGO_JG,103,D,26/08/2021,WS00120
Srg,WGO_JG,104,D,26/08/2021,WS00121
Srg,WGO_JG,104,C,26/08/2021,WS00122
Srg,WGO_JG,104,P,26/08/2021,WS00123
Srg,WGO_JG,105,P,26/08/2021,WS00124
Srg,WGO_JG,105,C,26/08/2021,WS00125
Srg,WGO_JG,105,D,26/08/2021,WS00126
Srg,WGO_JG,106,P,26/08/2021,WS00127
Srg,WGO_JG,106,C,26/08/2021,WS00128
Srg,WGO_JG,201,D,26/08/2021,WS00129
Srg,WGO_JG,201,C,26/08/2021,WS00130
Srg,WGO_JG,201,P,26/08/2021,WS00131
Srg,WGO_JG,202,P,26/08/2021,WS00132
Srg,WGO_JG,202,C,26/08/2021,WS00133
Srg,WGO_JG,202,D,26/08/2021,WS00134
Srg,WGO_JG,203,C,26/08/2021,WS00135
Srg,WGO_JG,203,P,26/08/2021,WS00136
Srg,WGO_JG,203,D,26/08/2021,WS00137
Srg,WGO_JG,204,C,26/08/2021,WS00138
Srg,WGO_JG,204,D,26/08/2021,WS00139
Srg,WGO_JG,204,P,26/08/2021,WS00140
Srg,WGO_JG,205,P,26/08/2021,WS00141
Srg,WGO_JG,205,C,26/08/2021,WS00142
Srg,WGO_JG,205,D,26/08/2021,WS00143
Srg,WGO_JG,206,D,26/08/2021,WS00144
Srg,WGO_JG,206,C,26/08/2021,WS00145
Srg,WGO_JG,206,P,26/08/2021,WS00146
Srg,WGO_JG,206,D,26/08/2021,WS00147
Srg,WGO_JG,301,C,26/08/2021,WS00148
Srg,WGO_JG,301,D,26/08/2021,WS00149
Srg,WGO_JG,301,P,26/08/2021,WS00150
Srg,WGO_JG,302,C,26/08/2021,WS00151
Srg,WGO_JG,302,P,26/08/2021,WS00152
Srg,WGO_JG,302,D,26/08/2021,WS00153
Srg,WGO_JG,303,C,26/08/2021,WS00154
Srg,WGO_JG,303,P,26/08/2021,WS00155
Srg,WGO_JG,303,D,26/08/2021,WS00156
Srg,WGO_JG,304,C,26/08/2021,WS00157
Srg,WGO_JG,304,P,26/08/2021,WS00158
Srg,WGO_JG,304,D,26/08/2021,WS00159
Srg,WGO_JG,305,C,26/08/2021,WS00160
Srg,WGO_JG,305,D,26/08/2021,WS00161
Srg,WGO_JG,305,P,26/08/2021,WS00162
Srg,WGO_JG,306,D,26/08/2021,WS00163
Srg,WGO_JG,306,C,26/08/2021,WS00164
Srg,WGO_JG,306,P,26/08/2021,WS00165
Srg,WGO_JG,401,D,26/08/2021,WS00166
Srg,WGO_JG,401,P,26/08/2021,WS00167
Srg,WGO_JG,401,C,26/08/2021,WS00168
Srg,WGO_JG,402,C,26/08/2021,WS00169
Srg,WGO_JG,402,D,26/08/2021,WS00170
Srg,WGO_JG,402,P,26/08/2021,WS00171
Srg,WGO_JG,403,C,26/08/2021,WS00172
Srg,WGO_JG,403,D,26/08/2021,WS00173
Srg,WGO_JG,403,P,26/08/2021,WS00174
Srg,WGO_JG,404,P,26/08/2021,WS00175
Srg,WGO_JG,404,D,26/08/2021,WS00176
Srg,WGO_JG,404,C,26/08/2021,WS00177
Srg,WGO_JG,405,D,26/08/2021,WS00178
Srg,WGO_JG,405,P,26/08/2021,WS00179
Srg,WGO_JG,405,C,26/08/2021,WS00180
Srg,WGO_JG,406,C,26/08/2021,WS00181
Srg,WGO_JG,406,P,26/08/2021,WS00182
Srg,WGO_JG,406,D,26/08/2021,WS00183
Srg,WGO_JG,101,P,01/09/2021,WS00184
Srg,WGO_JG,101,D,01/09/2021,WS00185
Srg,WGO_JG,101,C,01/09/2021,WS00186
Srg,WGO_JG,102,C,01/09/2021,WS00187
Srg,WGO_JG,102,D,01/09/2021,WS00188
Srg,WGO_JG,102,P,01/09/2021,WS00189
Srg,WGO_JG,103,P,01/09/2021,WS00190
Srg,WGO_JG,103,D,01/09/2021,WS00191
Srg,WGO_JG,103,C,01/09/2021,WS00192
Srg,WGO_JG,104,P,01/09/2021,WS00193
Srg,WGO_JG,104,C,01/09/2021,WS00194
Srg,WGO_JG,104,D,01/09/2021,WS00195
Srg,WGO_JG,105,P,01/09/2021,WS00196
Srg,WGO_JG,105,D,01/09/2021,WS00197
Srg,WGO_JG,105,C,01/09/2021,WS00198
Srg,WGO_JG,106,C,01/09/2021,WS00199
Srg,WGO_JG,106,P,01/09/2021,WS00200
Srg,WGO_JG,106,D,01/09/2021,WS00201
Srg,WGO_JG,201,C,01/09/2021,WS00202
Srg,WGO_JG,201,P,01/09/2021,WS00203
Srg,WGO_JG,201,D,01/09/2021,WS00204
Srg,WGO_JG,201,P,01/09/2021,WS00205
Srg,WGO_JG,202,D,01/09/2021,WS00206
Srg,WGO_JG,202,P,01/09/2021,WS00207
Srg,WGO_JG,202,C,01/09/2021,WS00208
Srg,WGO_JG,203,P,01/09/2021,WS00209
Srg,WGO_JG,203,D,01/09/2021,WS00210
Srg,WGO_JG,203,C,01/09/2021,WS00211
Srg,WGO_JG,204,D,01/09/2021,WS00212
Srg,WGO_JG,204,P,01/09/2021,WS00213
Srg,WGO_JG,204,C,01/09/2021,WS00214
Srg,WGO_JG,205,D,01/09/2021,WS00215
Srg,WGO_JG,205,C,01/09/2021,WS00216
Srg,WGO_JG,205,P,01/09/2021,WS00217
Srg,WGO_JG,206,D,01/09/2021,WS00218
Srg,WGO_JG,206,C,01/09/2021,WS00219
Srg,WGO_JG,206,P,01/09/2021,WS00220
Srg,WGO_JG,301,P,01/09/2021,WS00221
Srg,WGO_JG,301,C,01/09/2021,WS00222
Srg,WGO_JG,301,D,01/09/2021,WS00223
Srg,WGO_JG,302,D,01/09/2021,WS00224
Srg,WGO_JG,302,C,01/09/2021,WS00225
Srg,WGO_JG,302,P,01/09/2021,WS00226
Srg,WGO_JG,303,C,01/09/2021,WS00227
Srg,WGO_JG,303,P,01/09/2021,WS00228
Srg,WGO_JG,303,D,01/09/2021,WS00229
Srg,WGO_JG,304,C,01/09/2021,WS00230
Srg,WGO_JG,304,D,01/09/2021,WS00231
Srg,WGO_JG,305,P,01/09/2021,WS00232
Srg,WGO_JG,305,C,01/09/2021,WS00233
Srg,WGO_JG,305,D,01/09/2021,WS00234
Srg,WGO_JG,306,D,01/09/2021,WS00235
Srg,WGO_JG,306,C,01/09/2021,WS00236
Srg,WGO_JG,306,P,01/09/2021,WS00237
Srg,WGO_JG,401,P,01/09/2021,WS00238
Srg,WGO_JG,401,D,01/09/2021,WS00239
Srg,WGO_JG,401,C,01/09/2021,WS00240
Srg,WGO_JG,402,D,01/09/2021,WS00241
Srg,WGO_JG,402,P,01/09/2021,WS00242
Srg,WGO_JG,402,C,01/09/2021,WS00243
Srg,WGO_JG,403,P,01/09/2021,WS00244
Srg,WGO_JG,403,D,01/09/2021,WS00245
Srg,WGO_JG,403,C,01/09/2021,WS00246
Srg,WGO_JG,404,D,01/09/2021,WS00247
Srg,WGO_JG,404,C,01/09/2021,WS00248
Srg,WGO_JG,404,P,01/09/2021,WS00249
Srg,WGO_JG,405,D,01/09/2021,WS00250
Srg,WGO_JG,405,P,01/09/2021,WS00251
Srg,WGO_JG,405,C,01/09/2021,WS00252
Srg,WGO_JG,406,P,01/09/2021,WS00253
Srg,WGO_JG,406,D,01/09/2021,WS00254
Srg,WGO_JG,406,C,01/09/2021,WS00255
Srg,WGO_JG,101,P,08/09/2021,WS00256
Srg,WGO_JG,101,D,08/09/2021,WS00257
Srg,WGO_JG,101,C,08/09/2021,WS00258
Srg,WGO_JG,102,P,08/09/2021,WS00259
Srg,WGO_JG,102,D,08/09/2021,WS00260
Srg,WGO_JG,102,C,08/09/2021,WS00261
Srg,WGO_JG,103,C,08/09/2021,WS00262
Srg,WGO_JG,103,D,08/09/2021,WS00263
Srg,WGO_JG,103,P,08/09/2021,WS00264
Srg,WGO_JG,104,P,08/09/2021,WS00265
Srg,WGO_JG,104,C,08/09/2021,WS00266
Srg,WGO_JG,104,D,08/09/2021,WS00267
Srg,WGO_JG,105,P,08/09/2021,WS00268
Srg,WGO_JG,105,C,08/09/2021,WS00269
Srg,WGO_JG,105,D,08/09/2021,WS00270
Srg,WGO_JG,106,P,08/09/2021,WS00271
Srg,WGO_JG,106,P,08/09/2021,WS00272
Srg,WGO_JG,106,C,08/09/2021,WS00273
Srg,WGO_JG,201,P,08/09/2021,WS00274
Srg,WGO_JG,201,C,08/09/2021,WS00275
Srg,WGO_JG,201,D,08/09/2021,WS00276
Srg,WGO_JG,202,C,08/09/2021,WS00277
Srg,WGO_JG,202,D,08/09/2021,WS00278
Srg,WGO_JG,202,D,08/09/2021,WS00279
Srg,WGO_JG,203,P,08/09/2021,WS00280
Srg,WGO_JG,203,C,08/09/2021,WS00281
Srg,WGO_JG,203,D,08/09/2021,WS00282
Srg,WGO_JG,204,C,08/09/2021,WS00283
Srg,WGO_JG,204,D,08/09/2021,WS00284
Srg,WGO_JG,204,P,08/09/2021,WS00285
Srg,WGO_JG,205,C,08/09/2021,WS00286
Srg,WGO_JG,205,D,08/09/2021,WS00287
Srg,WGO_JG,205,P,08/09/2021,WS00288
Srg,WGO_JG,206,P,08/09/2021,WS00289
Srg,WGO_JG,206,D,08/09/2021,WS00290
Srg,WGO_JG,206,C,08/09/2021,WS00291
Srg,WGO_JG,206,D,08/09/2021,WS00292
Srg,WGO_JG,301,P,08/09/2021,WS00293
Srg,WGO_JG,301,C,08/09/2021,WS00294
Srg,WGO_JG,301,D,08/09/2021,WS00295
Srg,WGO_JG,302,D,08/09/2021,WS00296
Srg,WGO_JG,302,P,08/09/2021,WS00297
Srg,WGO_JG,302,C,08/09/2021,WS00298
Srg,WGO_JG,303,C,08/09/2021,WS00299
Srg,WGO_JG,303,P,08/09/2021,WS00300
Srg,WGO_JG,303,D,08/09/2021,WS00301
Srg,WGO_JG,304,D,08/09/2021,WS00302
Srg,WGO_JG,304,C,08/09/2021,WS00303
Srg,WGO_JG,304,P,08/09/2021,WS00304
Srg,WGO_JG,305,C,08/09/2021,WS00305
Srg,WGO_JG,305,P,08/09/2021,WS00306
Srg,WGO_JG,305,D,08/09/2021,WS00307
Srg,WGO_JG,306,C,08/09/2021,WS00308
Srg,WGO_JG,306,P,08/09/2021,WS00309
Srg,WGO_JG,401,D,08/09/2021,WS00310
Srg,WGO_JG,401,P,08/09/2021,WS00311
Srg,WGO_JG,401,C,08/09/2021,WS00312
Srg,WGO_JG,402,C,08/09/2021,WS00313
Srg,WGO_JG,402,P,08/09/2021,WS00314
Srg,WGO_JG,402,D,08/09/2021,WS00315
Srg,WGO_JG,403,P,08/09/2021,WS00316
Srg,WGO_JG,403,D,08/09/2021,WS00317
Srg,WGO_JG,403,C,08/09/2021,WS00318
Srg,WGO_JG,404,P,08/09/2021,WS00319
Srg,WGO_JG,404,C,08/09/2021,WS00320
Srg,WGO_JG,404,D,08/09/2021,WS00321
Srg,WGO_JG,405,P,08/09/2021,WS00322
Srg,WGO_JG,405,C,08/09/2021,WS00323
Srg,WGO_JG,405,D,08/09/2021,WS00324
Srg,WGO_JG,406,C,08/09/2021,WS00325
Srg,WGO_JG,406,P,08/09/2021,WS00326
Srg,WGO_JG,406,D,08/09/2021,WS00327
Srg,WGO_JG,101,P,10/09/2021,WS00328
Srg,WGO_JG,101,C,10/09/2021,WS00329
Srg,WGO_JG,101,D,10/09/2021,WS00330
Srg,WGO_JG,102,C,10/09/2021,WS00331
Srg,WGO_JG,102,D,10/09/2021,WS00332
Srg,WGO_JG,102,P,10/09/2021,WS00333
Srg,WGO_JG,103,D,10/09/2021,WS00334
Srg,WGO_JG,103,P,10/09/2021,WS00335
Srg,WGO_JG,103,C,10/09/2021,WS00336
Srg,WGO_JG,104,C,10/09/2021,WS00337
Srg,WGO_JG,104,P,10/09/2021,WS00338
Srg,WGO_JG,104,D,10/09/2021,WS00339
Srg,WGO_JG,105,C,10/09/2021,WS00340
Srg,WGO_JG,105,P,10/09/2021,WS00341
Srg,WGO_JG,105,D,10/09/2021,WS00342
Srg,WGO_JG,106,P,10/09/2021,WS00343
Srg,WGO_JG,106,C,10/09/2021,WS00344
Srg,WGO_JG,106,D,10/09/2021,WS00345
Srg,WGO_JG,201,C,10/09/2021,WS00346
Srg,WGO_JG,201,D,10/09/2021,WS00347
Srg,WGO_JG,201,P,10/09/2021,WS00348
Srg,WGO_JG,202,P,10/09/2021,WS00349
Srg,WGO_JG,202,D,10/09/2021,WS00350
Srg,WGO_JG,202,C,10/09/2021,WS00351
Srg,WGO_JG,203,P,10/09/2021,WS00352
Srg,WGO_JG,203,C,10/09/2021,WS00353
Srg,WGO_JG,203,D,10/09/2021,WS00354
Srg,WGO_JG,204,P,10/09/2021,WS00355
Srg,WGO_JG,204,D,10/09/2021,WS00356
Srg,WGO_JG,204,C,10/09/2021,WS00357
Srg,WGO_JG,205,C,10/09/2021,WS00358
Srg,WGO_JG,205,D,10/09/2021,WS00359
Srg,WGO_JG,205,P,10/09/2021,WS00360
Srg,WGO_JG,206,D,10/09/2021,WS00361
Srg,WGO_JG,206,C,10/09/2021,WS00362
Srg,WGO_JG,206,P,10/09/2021,WS00363
Srg,WGO_JG,301,P,10/09/2021,WS00364
Srg,WGO_JG,301,C,10/09/2021,WS00365
Srg,WGO_JG,301,D,10/09/2021,WS00366
Srg,WGO_JG,302,P,10/09/2021,WS00367
Srg,WGO_JG,302,C,10/09/2021,WS00368
Srg,WGO_JG,302,D,10/09/2021,WS00369
Srg,WGO_JG,303,D,10/09/2021,WS00370
Srg,WGO_JG,303,P,10/09/2021,WS00371
Srg,WGO_JG,303,C,10/09/2021,WS00372
Srg,WGO_JG,304,C,10/09/2021,WS00373
Srg,WGO_JG,304,P,10/09/2021,WS00374
Srg,WGO_JG,304,D,10/09/2021,WS00375
Srg,WGO_JG,305,C,10/09/2021,WS00376
Srg,WGO_JG,305,D,10/09/2021,WS00377
Srg,WGO_JG,305,P,10/09/2021,WS00378
Srg,WGO_JG,306,C,10/09/2021,WS00379
Srg,WGO_JG,306,P,10/09/2021,WS00380
Srg,WGO_JG,306,D,10/09/2021,WS00381
Srg,WGO_JG,401,P,10/09/2021,WS00382
Srg,WGO_JG,401,C,10/09/2021,WS00383
Srg,WGO_JG,401,D,10/09/2021,WS00384
Srg,WGO_JG,402,C,10/09/2021,WS00385
Srg,WGO_JG,402,D,10/09/2021,WS00386
Srg,WGO_JG,402,P,10/09/2021,WS00387
Srg,WGO_JG,403,C,10/09/2021,WS00388
Srg,WGO_JG,403,D,10/09/2021,WS00389
Srg,WGO_JG,403,P,10/09/2021,WS00390
Srg,WGO_JG,404,P,10/09/2021,WS00391
Srg,WGO_JG,404,D,10/09/2021,WS00392
Srg,WGO_JG,404,C,10/09/2021,WS00393
Srg,WGO_JG,405,C,10/09/2021,WS00394
Srg,WGO_JG,405,D,10/09/2021,WS00395
Srg,WGO_JG,405,P,10/09/2021,WS00396
Srg,WGO_JG,406,C,10/09/2021,WS00397
Srg,WGO_JG,406,P,10/09/2021,WS00398
Srg,WGO_JG,406,D,10/09/2021,WS00399
Srg,WGO_JG,101,P,16/09/2021,WS00400
Srg,WGO_JG,101,D,16/09/2021,WS00401
Srg,WGO_JG,101,C,16/09/2021,WS00402
Srg,WGO_JG,102,C,16/09/2021,WS00403
Srg,WGO_JG,102,P,16/09/2021,WS00404
Srg,WGO_JG,102,D,16/09/2021,WS00405
Srg,WGO_JG,103,D,16/09/2021,WS00406
Srg,WGO_JG,103,P,16/09/2021,WS00407
Srg,WGO_JG,103,C,16/09/2021,WS00408
Srg,WGO_JG,104,C,16/09/2021,WS00409
Srg,WGO_JG,104,P,16/09/2021,WS00410
Srg,WGO_JG,104,D,16/09/2021,WS00411
Srg,WGO_JG,105,D,16/09/2021,WS00412
Srg,WGO_JG,105,C,16/09/2021,WS00413
Srg,WGO_JG,105,P,16/09/2021,WS00414
Srg,WGO_JG,106,C,16/09/2021,WS00415
Srg,WGO_JG,106,P,16/09/2021,WS00416
Srg,WGO_JG,106,D,16/09/2021,WS00417
Srg,WGO_JG,201,C,16/09/2021,WS00418
Srg,WGO_JG,201,P,16/09/2021,WS00419
Srg,WGO_JG,201,D,16/09/2021,WS00420
Srg,WGO_JG,202,P,16/09/2021,WS00421
Srg,WGO_JG,202,D,16/09/2021,WS00422
Srg,WGO_JG,202,C,16/09/2021,WS00423
Srg,WGO_JG,203,D,16/09/2021,WS00424
Srg,WGO_JG,203,P,16/09/2021,WS00425
Srg,WGO_JG,203,C,16/09/2021,WS00426
Srg,WGO_JG,204,P,16/09/2021,WS00427
Srg,WGO_JG,204,D,16/09/2021,WS00428
Srg,WGO_JG,204,C,16/09/2021,WS00429
Srg,WGO_JG,205,P,16/09/2021,WS00430
Srg,WGO_JG,205,C,16/09/2021,WS00431
Srg,WGO_JG,205,D,16/09/2021,WS00432
Srg,WGO_JG,206,C,16/09/2021,WS00433
Srg,WGO_JG,206,P,16/09/2021,WS00434
Srg,WGO_JG,206,D,16/09/2021,WS00435
Srg,WGO_JG,301,D,16/09/2021,WS00436
Srg,WGO_JG,301,C,16/09/2021,WS00437
Srg,WGO_JG,301,P,16/09/2021,WS00438
Srg,WGO_JG,302,C,16/09/2021,WS00439
Srg,WGO_JG,302,P,16/09/2021,WS00440
Srg,WGO_JG,302,D,16/09/2021,WS00441
Srg,WGO_JG,303,P,16/09/2021,WS00442
Srg,WGO_JG,303,D,16/09/2021,WS00443
Srg,WGO_JG,303,C,16/09/2021,WS00444
Srg,WGO_JG,304,C,16/09/2021,WS00445
Srg,WGO_JG,304,P,16/09/2021,WS00446
Srg,WGO_JG,304,D,16/09/2021,WS00447
Srg,WGO_JG,305,P,16/09/2021,WS00448
Srg,WGO_JG,305,C,16/09/2021,WS00449
Srg,WGO_JG,305,D,16/09/2021,WS00450
Srg,WGO_JG,306,C,16/09/2021,WS00451
Srg,WGO_JG,306,P,16/09/2021,WS00452
Srg,WGO_JG,306,D,16/09/2021,WS00453
Srg,WGO_JG,401,C,16/09/2021,WS00454
Srg,WGO_JG,401,P,16/09/2021,WS00455
Srg,WGO_JG,401,D,16/09/2021,WS00456
Srg,WGO_JG,402,C,16/09/2021,WS00457
Srg,WGO_JG,402,P,16/09/2021,WS00458
Srg,WGO_JG,402,D,16/09/2021,WS00459
Srg,WGO_JG,403,P,16/09/2021,WS00460
Srg,WGO_JG,403,D,16/09/2021,WS00461
Srg,WGO_JG,403,C,16/09/2021,WS00462
Srg,WGO_JG,404,P,16/09/2021,WS00463
Srg,WGO_JG,404,D,16/09/2021,WS00464
Srg,WGO_JG,404,C,16/09/2021,WS00465
Srg,WGO_JG,405,C,16/09/2021,WS00466
Srg,WGO_JG,405,P,16/09/2021,WS00467
Srg,WGO_JG,405,D,16/09/2021,WS00468
Srg,WGO_JG,406,P,16/09/2021,WS00469
Srg,WGO_JG,406,D,16/09/2021,WS00470
Srg,WGO_JG,406,C,16/09/2021,WS00471
Srg,WGO_JG,101,C,9/29/2021,WS00472
Srg,WGO_JG,101,D,9/29/2021,WS00473
Srg,WGO_JG,101,P,9/29/2021,WS00474
Srg,WGO_JG,102,C,9/29/2021,WS00475
Srg,WGO_JG,102,D,9/29/2021,WS00476
Srg,WGO_JG,102,P,9/29/2021,WS00477
Srg,WGO_JG,103,C,9/29/2021,WS00478
Srg,WGO_JG,103,D,9/29/2021,WS00479
Srg,WGO_JG,103,P,9/29/2021,WS00480
Srg,WGO_JG,104,C,9/29/2021,WS00481
Srg,WGO_JG,104,D,9/29/2021,WS00482
Srg,WGO_JG,104,P,9/29/2021,WS00483
Srg,WGO_JG,105,C,9/29/2021,WS00484
Srg,WGO_JG,105,D,9/29/2021,WS00485
Srg,WGO_JG,105,P,9/29/2021,WS00486
Srg,WGO_JG,106,C,9/29/2021,WS00487
Srg,WGO_JG,106,D,9/29/2021,WS00488
Srg,WGO_JG,106,P,9/29/2021,WS00489
Srg,WGO_JG,201,C,9/29/2021,WS00490
Srg,WGO_JG,201,D,9/29/2021,WS00491
Srg,WGO_JG,201,P,9/29/2021,WS00492
Srg,WGO_JG,202,C,9/29/2021,WS00493
Srg,WGO_JG,202,D,9/29/2021,WS00494
Srg,WGO_JG,202,P,9/29/2021,WS00495
Srg,WGO_JG,203,C,9/29/2021,WS00496
Srg,WGO_JG,203,D,9/29/2021,WS00497
Srg,WGO_JG,203,P,9/29/2021,WS00498
Srg,WGO_JG,204,C,9/29/2021,WS00499
Srg,WGO_JG,204,D,9/29/2021,WS00500
Srg,WGO_JG,204,P,9/29/2021,WS00501
Srg,WGO_JG,205,C,9/29/2021,WS00502
Srg,WGO_JG,205,D,9/29/2021,WS00503
Srg,WGO_JG,205,P,9/29/2021,WS00504
Srg,WGO_JG,206,C,9/29/2021,WS00505
Srg,WGO_JG,206,D,9/29/2021,WS00506
Srg,WGO_JG,206,P,9/29/2021,WS00507
Srg,WGO_JG,301,C,9/29/2021,WS00508
Srg,WGO_JG,301,D,9/29/2021,WS00509
Srg,WGO_JG,301,P,9/29/2021,WS00510
Srg,WGO_JG,302,P,9/29/2021,WS00511
Srg,WGO_JG,302,C,9/29/2021,WS00512
Srg,WGO_JG,302,D,9/29/2021,WS00513
Srg,WGO_JG,303,C,9/29/2021,WS00514
Srg,WGO_JG,303,D,9/29/2021,WS00515
Srg,WGO_JG,303,P,9/29/2021,WS00516
Srg,WGO_JG,304,C,9/29/2021,WS00517
Srg,WGO_JG,304,D,9/29/2021,WS00518
Srg,WGO_JG,304,P,9/29/2021,WS00519
Srg,WGO_JG,305,C,9/29/2021,WS00520
Srg,WGO_JG,305,D,9/29/2021,WS00521
Srg,WGO_JG,305,P,9/29/2021,WS00522
Srg,WGO_JG,306,C,9/29/2021,WS00523
Srg,WGO_JG,306,D,9/29/2021,WS00524
Srg,WGO_JG,306,P,9/29/2021,WS00525
Srg,WGO_JG,401,C,9/29/2021,WS00526
Srg,WGO_JG,401,D,9/29/2021,WS00527
Srg,WGO_JG,401,P,9/29/2021,WS00528
Srg,WGO_JG,402,C,9/29/2021,WS00529
Srg,WGO_JG,402,D,9/29/2021,WS00530
Srg,WGO_JG,402,P,9/29/2021,WS00531
Srg,WGO_JG,403,C,9/29/2021,WS00532
Srg,WGO_JG,403,D,9/29/2021,WS00533
Srg,WGO_JG,403,P,9/29/2021,WS00534
Srg,WGO_JG,404,C,9/29/2021,WS00535
Srg,WGO_JG,404,D,9/29/2021,WS00536
Srg,WGO_JG,404,P,9/29/2021,WS00537
Srg,WGO_JG,405,C,9/29/2021,WS00538
Srg,WGO_JG,405,D,9/29/2021,WS00539
Srg,WGO_JG,405,P,9/29/2021,WS00540
Srg,WGO_JG,406,C,9/29/2021,WS00541
Srg,WGO_JG,406,D,9/29/2021,WS00542
Srg,WGO_JG,406,P,9/29/2021,WS00543
